{"cameraMode":{"drawMode":0,"name":"Shaded","section":"Shading Mode"},"sceneLighting":false,"audioPlay":false,"sceneViewState":{"showFog":true,"showMaterialUpdate":true,"showSkybox":false,"showFlares":true,"showImageEffects":true,"showParticleSystems":true},"in2DMode":false,"pivot":{"x":-2.359212636947632,"y":11.79880142211914,"z":-16.972023010253908},"rotation":{"x":-0.2528228163719177,"y":0.4762097895145416,"z":-0.14512541890144349,"w":-0.8296052813529968},"size":0.45963555574417117,"orthographic":false}