{"cameraMode":{"drawMode":0,"name":"Shaded","section":"Shading Mode"},"sceneLighting":false,"audioPlay":false,"sceneViewState":{"showFog":false,"showMaterialUpdate":false,"showSkybox":false,"showFlares":false,"showImageEffects":false,"showParticleSystems":false},"in2DMode":false,"pivot":{"x":0.034126996994018558,"y":0.029998064041137697,"z":0.0299985408782959},"rotation":{"x":-0.027658509090542795,"y":0.5448760390281677,"z":-0.01798911765217781,"w":-0.8378736972808838},"size":13.448018074035645,"orthographic":true}