{"cameraMode":{"drawMode":0,"name":"Shaded","section":"Shading Mode"},"sceneLighting":true,"audioPlay":false,"sceneViewState":{"showFog":true,"showMaterialUpdate":false,"showSkybox":true,"showFlares":true,"showImageEffects":true,"showParticleSystems":true},"in2DMode":false,"pivot":{"x":-10.115401268005371,"y":-9.811524391174317,"z":-14.737287521362305},"rotation":{"x":-0.04872661083936691,"y":0.9497566223144531,"z":-0.2442585825920105,"w":-0.1896515190601349},"size":21.890296936035158,"orthographic":false}