{"cameraMode":{"drawMode":0,"name":"Shaded","section":"Shading Mode"},"sceneLighting":false,"audioPlay":false,"sceneViewState":{"showFog":true,"showMaterialUpdate":false,"showSkybox":false,"showFlares":true,"showImageEffects":true,"showParticleSystems":true},"in2DMode":false,"pivot":{"x":-1.390279769897461,"y":0.3552180230617523,"z":0.8549728989601135},"rotation":{"x":-0.24189627170562745,"y":0.5448337197303772,"z":-0.16784611344337464,"w":-0.7851561307907105},"size":0.5740269422531128,"orthographic":false}