{"cameraMode":{"drawMode":0,"name":"Shaded","section":"Shading Mode"},"sceneLighting":false,"audioPlay":false,"sceneViewState":{"showFog":true,"showMaterialUpdate":false,"showSkybox":true,"showFlares":true,"showImageEffects":true,"showParticleSystems":true},"in2DMode":false,"pivot":{"x":-1.4952352046966553,"y":-1.9759608507156373,"z":0.4787473976612091},"rotation":{"x":-0.4754268527030945,"y":0.22636276483535767,"z":-0.1280520260334015,"w":-0.8404355049133301},"size":26.267024993896486,"orthographic":false}