{"cameraMode":{"drawMode":0,"name":"Shaded","section":"Shading Mode"},"sceneLighting":false,"audioPlay":false,"sceneViewState":{"showFog":true,"showMaterialUpdate":false,"showSkybox":true,"showFlares":true,"showImageEffects":true,"showParticleSystems":true},"in2DMode":false,"pivot":{"x":-6.009720802307129,"y":16.238956451416017,"z":-4.305862903594971},"rotation":{"x":-0.1021021381020546,"y":0.6570092439651489,"z":-0.09047655016183853,"w":-0.7414364218711853},"size":11.477738380432129,"orthographic":false}