{"cameraMode":{"drawMode":0,"name":"Shaded","section":"Shading Mode"},"sceneLighting":false,"audioPlay":false,"sceneViewState":{"showFog":true,"showMaterialUpdate":false,"showSkybox":true,"showFlares":true,"showImageEffects":true,"showParticleSystems":true},"in2DMode":false,"pivot":{"x":-2.359212636947632,"y":11.79880142211914,"z":-16.972023010253908},"rotation":{"x":-0.14327552914619447,"y":-0.7194918990135193,"z":0.15584661066532136,"w":-0.6614494919776917},"size":3.7596352100372316,"orthographic":false}